Crash Year,Crash Month,Crash Day,Time of Day,City or Township,Crash: Intersection,Crash: Hit-and-Run,Lighting Conditions,Highway Class,Highway Number,Speed Limit at Crash Site,Weather Conditions (2016+),Worst Injury in Crash,Traffic Control,Trafficway,Crash Type
2005,June,13,5:00 PM - 6:00 PM,Wayne County: Detroit,Intersection crash,Not hit-and-run,Daylight,Michigan route,M-1,30,Uncoded & errors,Possible injury (C),None,Not physically divided (two-way trafficway),Single motor vehicle
2005,June,12,8:00 PM - 9:00 PM,Wayne County: Detroit,Not intersection crash,Not hit-and-run,Daylight,"County road, city street, or unknown",Local road or unknown,30,Uncoded & errors,Possible injury (C),None,Uncoded & errors,Single motor vehicle
2005,August,25,6:00 PM - 7:00 PM,Wayne County: Detroit,Not intersection crash,Not hit-and-run,Daylight,"County road, city street, or unknown",Local road or unknown,30,Uncoded & errors,Suspected minor injury (B),None,Not physically divided (two-way trafficway),Single motor vehicle
2005,September,2,1:00 PM - 2:00 PM,Wayne County: Detroit,Not intersection crash,Not hit-and-run,Daylight,"County road, city street, or unknown",Local road or unknown,25,Uncoded & errors,No injury (O),None,Not physically divided (two-way trafficway),Single motor vehicle
2005,July,3,11:00 AM - 12:00 noon,Wayne County: Detroit,Not intersection crash,Not hit-and-run,Daylight,"County road, city street, or unknown",Local road or unknown,25,Uncoded & errors,No injury (O),None,Uncoded & errors,Single motor vehicle
2005,April,27,7:00 PM - 8:00 PM,Wayne County: Taylor,Not intersection crash,Not hit-and-run,Daylight,"County road, city street, or unknown",Local road or unknown,45,Uncoded & errors,No injury (O),None,Not physically divided (two-way trafficway),Single motor vehicle
2005,August,21,1:00 PM - 2:00 PM,Wayne County: Ecorse,Not intersection crash,Not hit-and-run,Daylight,"County road, city street, or unknown",Local road or unknown,35,Uncoded & errors,Suspected serious injury (A),None,Uncoded & errors,Single motor vehicle
2005,September,3,7:00 PM - 8:00 PM,Wayne County: Detroit,Not intersection crash,Not hit-and-run,Daylight,"County road, city street, or unknown",Local road or unknown,25,Uncoded & errors,Suspected minor injury (B),None,Not physically divided (two-way trafficway),Single motor vehicle
2005,April,16,2:00 PM - 3:00 PM,Wayne County: Dearborn,Not intersection crash,Not hit-and-run,Daylight,"County road, city street, or unknown",Local road or unknown,25,Uncoded & errors,No injury (O),None,Not physically divided (two-way trafficway),Angle
2005,July,9,6:00 PM - 7:00 PM,Wayne County: Detroit,Not intersection crash,Hit-and-run,Daylight,"County road, city street, or unknown",Local road or unknown,35,Uncoded & errors,Suspected minor injury (B),None,Not physically divided (two-way trafficway),Single motor vehicle
2005,September,24,1:00 AM - 2:00 AM,Wayne County: Detroit,Intersection crash,Hit-and-run,Dark lighted,"County road, city street, or unknown",Local road or unknown,25,Uncoded & errors,No injury (O),Uncoded & errors,Not physically divided (two-way trafficway),Other / unknown
2005,February,11,8:00 AM - 9:00 AM,Wayne County: Detroit,Intersection crash,Not hit-and-run,Daylight,"County road, city street, or unknown",Did not locate,35,Uncoded & errors,Possible injury (C),Signal,Uncoded & errors,Angle
2005,October,20,6:00 PM - 7:00 PM,Wayne County: Detroit,Not intersection crash,Not hit-and-run,Dusk,"County road, city street, or unknown",Local road or unknown,35,Uncoded & errors,Suspected serious injury (A),None,Not physically divided (two-way trafficway),Other / unknown
2005,December,17,10:00 AM - 11:00 AM,Wayne County: Hamtramck,Not intersection crash,Not hit-and-run,Daylight,"County road, city street, or unknown",Local road or unknown,25,Uncoded & errors,No injury (O),None,Not physically divided (two-way trafficway),Single motor vehicle
2005,October,18,6:00 AM - 7:00 AM,Wayne County: Huron Twp.,Not intersection crash,Not hit-and-run,Dawn,"County road, city street, or unknown",Local road or unknown,45,Uncoded & errors,Suspected minor injury (B),None,Not physically divided (two-way trafficway),Single motor vehicle
2005,July,3,7:00 PM - 8:00 PM,Wayne County: Ecorse,Intersection crash,Not hit-and-run,Daylight,"County road, city street, or unknown",Local road or unknown,25,Uncoded & errors,Suspected minor injury (B),Stop sign,Uncoded & errors,Angle
2005,February,18,8:00 AM - 9:00 AM,Wayne County: Detroit,Not intersection crash,Hit-and-run,Uncoded & errors,"County road, city street, or unknown",Did not locate,Uncoded & errors,Uncoded & errors,No injury (O),Uncoded & errors,Uncoded & errors,Single motor vehicle
2005,March,12,3:00 PM - 4:00 PM,Wayne County: Detroit,Not intersection crash,Not hit-and-run,Daylight,"County road, city street, or unknown",Local road or unknown,10,Uncoded & errors,Suspected serious injury (A),None,Not physically divided (two-way trafficway),Single motor vehicle
2005,November,3,7:00 PM - 8:00 PM,Wayne County: Detroit,Not intersection crash,Not hit-and-run,Dark lighted,"County road, city street, or unknown",Local road or unknown,35,Uncoded & errors,Possible injury (C),Uncoded & errors,Uncoded & errors,Single motor vehicle
2005,June,20,2:00 PM - 3:00 PM,Wayne County: Detroit,Not intersection crash,Not hit-and-run,Daylight,Michigan route,M-102\US-102,45,Uncoded & errors,Possible injury (C),Uncoded & errors,Uncoded & errors,Other / unknown
2005,January,1,3:00 AM - 4:00 AM,Wayne County: Redford Twp.,Intersection crash,Not hit-and-run,Dark lighted,"County road, city street, or unknown",Did not locate,25,Uncoded & errors,Suspected minor injury (B),Stop sign,Not physically divided (two-way trafficway),Single motor vehicle
2005,July,2,9:00 PM - 10:00 PM,Wayne County: Detroit,Not intersection crash,Not hit-and-run,Daylight,"County road, city street, or unknown",Local road or unknown,25,Uncoded & errors,Suspected minor injury (B),None,Not physically divided (two-way trafficway),Single motor vehicle
2005,February,14,1:00 AM - 2:00 AM,Wayne County: Detroit,Not intersection crash,Not hit-and-run,Dawn,"County road, city street, or unknown",Did not locate,25,Uncoded & errors,Possible injury (C),None,Uncoded & errors,Other / unknown
2005,September,24,6:00 PM - 7:00 PM,Wayne County: Hamtramck,Intersection crash,Not hit-and-run,Dusk,"County road, city street, or unknown",Local road or unknown,25,Uncoded & errors,Possible injury (C),None,One-way trafficway,Single motor vehicle
2005,August,26,3:00 PM - 4:00 PM,Wayne County: Dearborn,Intersection crash,Hit-and-run,Daylight,Michigan route,M-153,45,Uncoded & errors,Possible injury (C),Signal,Uncoded & errors,Single motor vehicle
2005,October,9,12:00 midnight - 1:00 AM,Wayne County: Detroit,Not intersection crash,Hit-and-run,Daylight,Michigan route,M-102\US-102,35,Uncoded & errors,Suspected serious injury (A),Signal,Uncoded & errors,Other / unknown
2005,May,27,4:00 PM - 5:00 PM,Wayne County: Detroit,Not intersection crash,Not hit-and-run,Daylight,"County road, city street, or unknown",Local road or unknown,35,Uncoded & errors,Suspected serious injury (A),None,Uncoded & errors,Single motor vehicle
2005,September,10,3:00 PM - 4:00 PM,Wayne County: Detroit,Not intersection crash,Not hit-and-run,Daylight,Michigan route,M-1,30,Uncoded & errors,No injury (O),Signal,Uncoded & errors,Other / unknown
2005,September,30,7:00 AM - 8:00 AM,Wayne County: Livonia,Intersection crash,Not hit-and-run,Dark lighted,"County road, city street, or unknown",Local road or unknown,40,Uncoded & errors,Suspected serious injury (A),Signal,Not physically divided (two-way trafficway),Single motor vehicle
2005,November,14,6:00 PM - 7:00 PM,Wayne County: Detroit,Intersection crash,Not hit-and-run,Dark lighted,"County road, city street, or unknown",Local road or unknown,35,Uncoded & errors,Fatal injury (K),Stop sign,Not physically divided (two-way trafficway),Other / unknown
2005,September,1,6:00 PM - 7:00 PM,Wayne County: Detroit,Not intersection crash,Not hit-and-run,Daylight,"County road, city street, or unknown",Local road or unknown,15,Uncoded & errors,Possible injury (C),Uncoded & errors,Uncoded & errors,Single motor vehicle
2005,December,20,6:00 PM - 7:00 PM,Wayne County: Highland Park,Not intersection crash,Not hit-and-run,Dark unlighted,"County road, city street, or unknown",Local road or unknown,25,Uncoded & errors,Suspected serious injury (A),None,Not physically divided (two-way trafficway),Single motor vehicle
2005,November,13,5:00 PM - 6:00 PM,Wayne County: Highland Park,Not intersection crash,Not hit-and-run,Dark lighted,"County road, city street, or unknown",Local road or unknown,35,Uncoded & errors,No injury (O),None,Not physically divided (two-way trafficway),Other / unknown
2005,January,27,8:00 PM - 9:00 PM,Wayne County: Detroit,Not intersection crash,Not hit-and-run,Dark unlighted,"County road, city street, or unknown",Did not locate,30,Uncoded & errors,Possible injury (C),None,Not physically divided (two-way trafficway),Single motor vehicle
2005,January,26,9:00 PM - 10:00 PM,Wayne County: Detroit,Intersection crash,Not hit-and-run,Dark lighted,"County road, city street, or unknown",Did not locate,25,Uncoded & errors,Possible injury (C),None,One-way trafficway,Single motor vehicle
2005,May,10,9:00 AM - 10:00 AM,Wayne County: Dearborn,Intersection crash,Not hit-and-run,Daylight,"County road, city street, or unknown",Local road or unknown,35,Uncoded & errors,Suspected minor injury (B),Signal,Not physically divided (two-way trafficway),Single motor vehicle
2005,November,6,4:00 PM - 5:00 PM,Wayne County: Detroit,Not intersection crash,Hit-and-run,Daylight,"County road, city street, or unknown",Local road or unknown,25,Uncoded & errors,Suspected serious injury (A),None,Not physically divided (two-way trafficway),Single motor vehicle
2005,August,1,Unknown,Wayne County: Detroit,Not intersection crash,Not hit-and-run,Daylight,"County road, city street, or unknown",Local road or unknown,25,Uncoded & errors,Suspected serious injury (A),None,Not physically divided (two-way trafficway),Angle
2005,August,29,8:00 AM - 9:00 AM,Wayne County: Detroit,Not intersection crash,Not hit-and-run,Daylight,"County road, city street, or unknown",Local road or unknown,35,Uncoded & errors,Suspected minor injury (B),None,Uncoded & errors,Other / unknown
2005,October,31,4:00 PM - 5:00 PM,Wayne County: Detroit,Not intersection crash,Not hit-and-run,Uncoded & errors,"County road, city street, or unknown",Local road or unknown,30,Uncoded & errors,No injury (O),None,Uncoded & errors,Other / unknown
2005,May,23,4:00 PM - 5:00 PM,Wayne County: Detroit,Not intersection crash,Not hit-and-run,Daylight,"County road, city street, or unknown",Local road or unknown,30,Uncoded & errors,Possible injury (C),None,Uncoded & errors,Other / unknown
2005,June,6,11:00 PM - 12:00 midnight,Wayne County: Detroit,Not intersection crash,Not hit-and-run,Dark lighted,"County road, city street, or unknown",Local road or unknown,25,Uncoded & errors,Suspected serious injury (A),Uncoded & errors,Not physically divided (two-way trafficway),Single motor vehicle
2005,February,12,3:00 AM - 4:00 AM,Wayne County: Detroit,Not intersection crash,Hit-and-run,Dark lighted,U.S. route,M-12\US-12\US-12BL\US-12BR,35,Uncoded & errors,Suspected serious injury (A),Uncoded & errors,Uncoded & errors,Single motor vehicle
2005,June,10,4:00 PM - 5:00 PM,Wayne County: Detroit,Intersection crash,Hit-and-run,Daylight,"County road, city street, or unknown",Local road or unknown,25,Uncoded & errors,No injury (O),Stop sign,Uncoded & errors,Single motor vehicle
2005,November,4,3:00 PM - 4:00 PM,Wayne County: Ecorse,Intersection crash,Not hit-and-run,Daylight,"County road, city street, or unknown",Local road or unknown,35,Uncoded & errors,Possible injury (C),None,Uncoded & errors,Single motor vehicle
2005,November,30,12:00 noon - 1:00 PM,Wayne County: Detroit,Not intersection crash,Hit-and-run,Daylight,"County road, city street, or unknown",Local road or unknown,30,Uncoded & errors,Suspected minor injury (B),None,Uncoded & errors,Other / unknown
2005,April,24,12:00 midnight - 1:00 AM,Wayne County: Detroit,Not intersection crash,Hit-and-run,Dark lighted,Michigan route,M-97,30,Uncoded & errors,Suspected minor injury (B),None,Not physically divided (two-way trafficway),Single motor vehicle
2005,October,4,3:00 PM - 4:00 PM,Wayne County: Inkster,Intersection crash,Not hit-and-run,Daylight,"County road, city street, or unknown",Local road or unknown,40,Uncoded & errors,Possible injury (C),Signal,Uncoded & errors,Single motor vehicle
2005,August,29,4:00 PM - 5:00 PM,Wayne County: Detroit,Intersection crash,Not hit-and-run,Daylight,"County road, city street, or unknown",Local road or unknown,25,Uncoded & errors,Suspected minor injury (B),None,Not physically divided (two-way trafficway),Single motor vehicle
2005,September,14,3:00 AM - 4:00 AM,Wayne County: Detroit,Not intersection crash,Hit-and-run,Dark lighted,Interstate route,M-94\I-94\I-94BL\I-94BR,20,Uncoded & errors,Suspected minor injury (B),None,One-way trafficway,Uncoded & errors
2005,March,24,4:00 AM - 5:00 AM,Wayne County: Detroit,Not intersection crash,Not hit-and-run,Dark lighted,"County road, city street, or unknown",Did not locate,30,Uncoded & errors,Fatal injury (K),None,Not physically divided (two-way trafficway),Rear-end
2005,July,20,9:00 PM - 10:00 PM,Wayne County: Garden City,Not intersection crash,Not hit-and-run,Dark lighted,"County road, city street, or unknown",Local road or unknown,40,Uncoded & errors,Suspected serious injury (A),Signal,Not physically divided (two-way trafficway),Single motor vehicle
2005,January,11,7:00 AM - 8:00 AM,Wayne County: Detroit,Not intersection crash,Not hit-and-run,Daylight,"County road, city street, or unknown",Did not locate,30,Uncoded & errors,No injury (O),Uncoded & errors,Not physically divided (two-way trafficway),Single motor vehicle
2005,May,23,5:00 PM - 6:00 PM,Wayne County: Romulus,Not intersection crash,Not hit-and-run,Daylight,"County road, city street, or unknown",Local road or unknown,25,Uncoded & errors,Possible injury (C),Uncoded & errors,One-way trafficway,Single motor vehicle
2005,December,2,Unknown,Wayne County: Detroit,Intersection crash,Hit-and-run,Dark lighted,"County road, city street, or unknown",Local road or unknown,30,Uncoded & errors,Suspected serious injury (A),None,Not physically divided (two-way trafficway),Single motor vehicle
2005,October,24,8:00 AM - 9:00 AM,Wayne County: Detroit,Intersection crash,Not hit-and-run,Daylight,"County road, city street, or unknown",Local road or unknown,25,Uncoded & errors,Suspected serious injury (A),Signal,Not physically divided (two-way trafficway),Other / unknown
2005,January,3,1:00 AM - 2:00 AM,Wayne County: Detroit,Intersection crash,Not hit-and-run,Dark lighted,"County road, city street, or unknown",Did not locate,30,Uncoded & errors,Suspected minor injury (B),Signal,Not physically divided (two-way trafficway),Single motor vehicle
2005,April,28,3:00 PM - 4:00 PM,Wayne County: Dearborn,Not intersection crash,Not hit-and-run,Daylight,"County road, city street, or unknown",Local road or unknown,25,Uncoded & errors,Possible injury (C),None,Uncoded & errors,Angle
2005,July,18,7:00 AM - 8:00 AM,Wayne County: Detroit,Intersection crash,Not hit-and-run,Daylight,"County road, city street, or unknown",Local road or unknown,30,Uncoded & errors,Possible injury (C),Signal,Not physically divided (two-way trafficway),Angle
2005,November,21,3:00 PM - 4:00 PM,Wayne County: Detroit,Not intersection crash,Not hit-and-run,Daylight,"County road, city street, or unknown",Local road or unknown,30,Uncoded & errors,Possible injury (C),None,Not physically divided (two-way trafficway),Single motor vehicle
2005,February,8,7:00 AM - 8:00 AM,Wayne County: Detroit,Intersection crash,Not hit-and-run,Dark unlighted,"County road, city street, or unknown",Did not locate,Uncoded & errors,Uncoded & errors,Possible injury (C),Signal,Uncoded & errors,Angle
2005,April,27,3:00 PM - 4:00 PM,Wayne County: Detroit,Not intersection crash,Not hit-and-run,Daylight,"County road, city street, or unknown",Local road or unknown,30,Uncoded & errors,No injury (O),None,Not physically divided (two-way trafficway),Single motor vehicle
2005,May,25,3:00 PM - 4:00 PM,Wayne County: Detroit,Intersection crash,Not hit-and-run,Daylight,"County road, city street, or unknown",Local road or unknown,30,Uncoded & errors,Suspected serious injury (A),Stop sign,Not physically divided (two-way trafficway),Single motor vehicle
2005,June,9,2:00 PM - 3:00 PM,Wayne County: Detroit,Not intersection crash,Not hit-and-run,Daylight,"County road, city street, or unknown",Local road or unknown,25,Uncoded & errors,Suspected minor injury (B),None,Uncoded & errors,Single motor vehicle
2005,March,16,7:00 AM - 8:00 AM,Wayne County: Detroit,Intersection crash,Not hit-and-run,Daylight,"County road, city street, or unknown",Did not locate,30,Uncoded & errors,Possible injury (C),Signal,Uncoded & errors,Single motor vehicle
2005,February,9,10:00 AM - 11:00 AM,Wayne County: Detroit,Intersection crash,Hit-and-run,Daylight,"County road, city street, or unknown",Did not locate,35,Uncoded & errors,Possible injury (C),Signal,Not physically divided (two-way trafficway),Single motor vehicle
2005,May,31,7:00 AM - 8:00 AM,Wayne County: Detroit,Intersection crash,Not hit-and-run,Daylight,"County road, city street, or unknown",Local road or unknown,25,Uncoded & errors,Possible injury (C),None,Not physically divided (two-way trafficway),Single motor vehicle
2005,September,9,10:00 AM - 11:00 AM,Wayne County: Detroit,Not intersection crash,Hit-and-run,Daylight,"County road, city street, or unknown",Local road or unknown,25,Uncoded & errors,Possible injury (C),None,Uncoded & errors,Sideswipe same direction
2005,October,17,9:00 AM - 10:00 AM,Wayne County: Dearborn,Intersection crash,Not hit-and-run,Daylight,"County road, city street, or unknown",Local road or unknown,25,Uncoded & errors,Suspected minor injury (B),Signal,Not physically divided (two-way trafficway),Single motor vehicle
2005,June,27,10:00 PM - 11:00 PM,Wayne County: Detroit,Not intersection crash,Hit-and-run,Other / unknown,Michigan route,M-1,30,Uncoded & errors,Possible injury (C),Signal,Uncoded & errors,Other / unknown
2005,September,26,9:00 PM - 10:00 PM,Wayne County: Detroit,Not intersection crash,Hit-and-run,Dark lighted,"County road, city street, or unknown",Local road or unknown,Uncoded & errors,Uncoded & errors,Suspected serious injury (A),None,Not physically divided (two-way trafficway),Single motor vehicle
2005,August,18,6:00 PM - 7:00 PM,Wayne County: Detroit,Intersection crash,Not hit-and-run,Daylight,"County road, city street, or unknown",Local road or unknown,30,Uncoded & errors,Possible injury (C),None,Not physically divided (two-way trafficway),Single motor vehicle
2005,May,11,6:00 PM - 7:00 PM,Wayne County: Dearborn,Not intersection crash,Not hit-and-run,Daylight,"County road, city street, or unknown",Local road or unknown,25,Uncoded & errors,Possible injury (C),None,Not physically divided (two-way trafficway),Rear-end
2005,December,7,10:00 PM - 11:00 PM,Wayne County: Wyandotte,Not intersection crash,Hit-and-run,Dark lighted,"County road, city street, or unknown",Local road or unknown,Uncoded & errors,Uncoded & errors,No injury (O),None,Not physically divided (two-way trafficway),Single motor vehicle
2005,December,24,7:00 PM - 8:00 PM,Wayne County: Detroit,Not intersection crash,Not hit-and-run,Dark lighted,"County road, city street, or unknown",Local road or unknown,35,Uncoded & errors,Suspected minor injury (B),None,Uncoded & errors,Single motor vehicle
2005,July,3,2:00 PM - 3:00 PM,Wayne County: Detroit,Intersection crash,Hit-and-run,Daylight,"County road, city street, or unknown",Local road or unknown,30,Uncoded & errors,No injury (O),Signal,One-way trafficway,Single motor vehicle
2005,June,14,11:00 PM - 12:00 midnight,Wayne County: Detroit,Not intersection crash,Not hit-and-run,Dark lighted,"County road, city street, or unknown",Local road or unknown,35,Uncoded & errors,Fatal injury (K),None,Not physically divided (two-way trafficway),Single motor vehicle
2005,June,8,11:00 PM - 12:00 midnight,Wayne County: Detroit,Intersection crash,Hit-and-run,Dark lighted,"County road, city street, or unknown",Local road or unknown,30,Uncoded & errors,Suspected serious injury (A),Signal,Not physically divided (two-way trafficway),Single motor vehicle
2005,November,3,1:00 PM - 2:00 PM,Wayne County: Detroit,Intersection crash,Not hit-and-run,Daylight,"County road, city street, or unknown",Local road or unknown,35,Uncoded & errors,Possible injury (C),None,Uncoded & errors,Angle
2005,April,1,3:00 PM - 4:00 PM,Wayne County: Detroit,Not intersection crash,Not hit-and-run,Daylight,"County road, city street, or unknown",Did not locate,25,Uncoded & errors,Suspected minor injury (B),None,Not physically divided (two-way trafficway),Single motor vehicle
2005,June,4,2:00 AM - 3:00 AM,Wayne County: Detroit,Not intersection crash,Not hit-and-run,Dark lighted,Interstate route,M-94\I-94\I-94BL\I-94BR,55,Uncoded & errors,Fatal injury (K),None,"Divided highway, median strip, with traffic barrier",Rear-end
2005,April,21,9:00 PM - 10:00 PM,Wayne County: Detroit,Intersection crash,Not hit-and-run,Dark lighted,"County road, city street, or unknown",Did not locate,30,Uncoded & errors,Suspected serious injury (A),Signal,Not physically divided (two-way trafficway),Single motor vehicle
2005,January,27,6:00 PM - 7:00 PM,Wayne County: River Rouge,Intersection crash,Not hit-and-run,Dark lighted,"County road, city street, or unknown",Did not locate,35,Uncoded & errors,Possible injury (C),None,Not physically divided (two-way trafficway),Single motor vehicle
2005,January,23,5:00 PM - 6:00 PM,Wayne County: Detroit,Not intersection crash,Not hit-and-run,Daylight,"County road, city street, or unknown",Did not locate,30,Uncoded & errors,Possible injury (C),None,"Divided highway, median strip, with traffic barrier",Single motor vehicle
2005,June,29,7:00 AM - 8:00 AM,Wayne County: Detroit,Not intersection crash,Not hit-and-run,Daylight,Michigan route,M-5,Uncoded & errors,Uncoded & errors,Suspected minor injury (B),Signal,Uncoded & errors,Single motor vehicle
2005,July,8,4:00 AM - 5:00 AM,Wayne County: Detroit,Not intersection crash,Hit-and-run,Dark lighted,"County road, city street, or unknown",Local road or unknown,30,Uncoded & errors,Suspected serious injury (A),None,Not physically divided (two-way trafficway),Other / unknown
2005,October,6,3:00 PM - 4:00 PM,Wayne County: Southgate,Not intersection crash,Not hit-and-run,Daylight,Michigan route,M-85,35,Uncoded & errors,Possible injury (C),None,"Divided highway, median strip, without traffic barrier",Single motor vehicle
2005,October,31,1:00 PM - 2:00 PM,Wayne County: Detroit,Not intersection crash,Hit-and-run,Other / unknown,"County road, city street, or unknown",Local road or unknown,30,Uncoded & errors,Suspected serious injury (A),Signal,Not physically divided (two-way trafficway),Other / unknown
2005,September,9,10:00 PM - 11:00 PM,Wayne County: Detroit,Intersection crash,Hit-and-run,Dark lighted,"County road, city street, or unknown",Local road or unknown,35,Uncoded & errors,Suspected serious injury (A),Stop sign,Not physically divided (two-way trafficway),Other / unknown
2005,August,22,8:00 AM - 9:00 AM,Wayne County: Romulus,Intersection crash,Not hit-and-run,Daylight,"County road, city street, or unknown",Local road or unknown,45,Uncoded & errors,Possible injury (C),None,One-way trafficway,Single motor vehicle
2005,April,15,9:00 PM - 10:00 PM,Wayne County: Detroit,Not intersection crash,Hit-and-run,Dark lighted,"County road, city street, or unknown",Did not locate,30,Uncoded & errors,Possible injury (C),Signal,Not physically divided (two-way trafficway),Single motor vehicle
2005,June,5,5:00 PM - 6:00 PM,Wayne County: Detroit,Not intersection crash,Hit-and-run,Daylight,"County road, city street, or unknown",Local road or unknown,25,Uncoded & errors,Possible injury (C),None,Not physically divided (two-way trafficway),Single motor vehicle
2005,December,2,10:00 AM - 11:00 AM,Wayne County: Southgate,Not intersection crash,Not hit-and-run,Dark lighted,Interstate route,M-75\I-75\I-75BL\I-75BS,65,Uncoded & errors,Suspected serious injury (A),None,"Divided highway, median strip, with traffic barrier",Single motor vehicle
2005,July,6,Unknown,Wayne County: Detroit,Not intersection crash,Not hit-and-run,Dark lighted,"County road, city street, or unknown",Local road or unknown,30,Uncoded & errors,No injury (O),None,Uncoded & errors,Uncoded & errors
2005,April,12,3:00 PM - 4:00 PM,Wayne County: Detroit,Not intersection crash,Not hit-and-run,Daylight,"County road, city street, or unknown",Local road or unknown,35,Uncoded & errors,Possible injury (C),Signal,Not physically divided (two-way trafficway),Angle
2005,July,16,9:00 AM - 10:00 AM,Wayne County: Wayne,Intersection crash,Hit-and-run,Daylight,"County road, city street, or unknown",Local road or unknown,25,Uncoded & errors,Possible injury (C),Stop sign,Not physically divided (two-way trafficway),Single motor vehicle
2005,March,25,3:00 PM - 4:00 PM,Wayne County: Taylor,Intersection crash,Hit-and-run,Daylight,U.S. route,M-24\US-24\US-24BR,45,Uncoded & errors,Possible injury (C),None,Uncoded & errors,Other / unknown
2005,December,2,6:00 PM - 7:00 PM,Wayne County: Southgate,Not intersection crash,Not hit-and-run,Dark lighted,"County road, city street, or unknown",Local road or unknown,25,Uncoded & errors,Suspected minor injury (B),None,Not physically divided (two-way trafficway),Single motor vehicle
2005,August,8,6:00 PM - 7:00 PM,Wayne County: Detroit,Intersection crash,Not hit-and-run,Daylight,"County road, city street, or unknown",Local road or unknown,35,Uncoded & errors,Suspected serious injury (A),Uncoded & errors,Uncoded & errors,Single motor vehicle
2005,October,26,1:00 PM - 2:00 PM,Wayne County: Detroit,Not intersection crash,Not hit-and-run,Daylight,"County road, city street, or unknown",Local road or unknown,35,Uncoded & errors,No injury (O),Signal,Uncoded & errors,Other / unknown
2005,June,12,2:00 AM - 3:00 AM,Wayne County: Detroit,Not intersection crash,Not hit-and-run,Dark lighted,Interstate route,M-75\I-75\I-75BL\I-75BS,55,Uncoded & errors,Fatal injury (K),None,"Divided highway, median strip, with traffic barrier",Rear-end
2005,August,6,10:00 PM - 11:00 PM,Wayne County: Detroit,Not intersection crash,Hit-and-run,Dark lighted,"County road, city street, or unknown",Local road or unknown,30,Uncoded & errors,Suspected serious injury (A),None,Uncoded & errors,Single motor vehicle
2005,September,25,2:00 AM - 3:00 AM,Wayne County: Detroit,Not intersection crash,Hit-and-run,Dark lighted,Michigan route,M-5,35,Uncoded & errors,Fatal injury (K),None,Not physically divided (two-way trafficway),Other / unknown
2005,December,9,8:00 PM - 9:00 PM,Wayne County: Detroit,Not intersection crash,Hit-and-run,Dark lighted,"County road, city street, or unknown",Local road or unknown,25,Uncoded & errors,No injury (O),None,Uncoded & errors,Other / unknown
2005,July,18,2:00 AM - 3:00 AM,Wayne County: Detroit,Not intersection crash,Hit-and-run,Dark unlighted,"County road, city street, or unknown",Local road or unknown,30,Uncoded & errors,Fatal injury (K),None,Not physically divided (two-way trafficway),Other / unknown
2005,August,25,12:00 noon - 1:00 PM,Wayne County: Detroit,Not intersection crash,Hit-and-run,Daylight,U.S. route,M-24\US-24\US-24BR,25,Uncoded & errors,Possible injury (C),Stop sign,"Divided highway, median strip, without traffic barrier",Other / unknown
2005,May,20,5:00 PM - 6:00 PM,Wayne County: Detroit,Not intersection crash,Not hit-and-run,Daylight,"County road, city street, or unknown",Local road or unknown,25,Uncoded & errors,Suspected minor injury (B),None,Uncoded & errors,Other / unknown
2005,March,19,6:00 PM - 7:00 PM,Wayne County: Detroit,Intersection crash,Hit-and-run,Dusk,"County road, city street, or unknown",Did not locate,35,Uncoded & errors,Suspected serious injury (A),None,Not physically divided (two-way trafficway),Other / unknown
2005,May,22,4:00 PM - 5:00 PM,Wayne County: Hamtramck,Not intersection crash,Hit-and-run,Daylight,"County road, city street, or unknown",Local road or unknown,25,Uncoded & errors,Suspected serious injury (A),None,One-way trafficway,Angle
2005,April,19,5:00 AM - 6:00 AM,Wayne County: Detroit,Not intersection crash,Not hit-and-run,Dark unlighted,Michigan route,M-53,35,Uncoded & errors,Suspected serious injury (A),None,Uncoded & errors,Single motor vehicle
2005,May,31,6:00 PM - 7:00 PM,Wayne County: Redford Twp.,Intersection crash,Not hit-and-run,Daylight,"County road, city street, or unknown",Local road or unknown,35,Uncoded & errors,No injury (O),None,Not physically divided (two-way trafficway),Single motor vehicle
2005,March,27,2:00 PM - 3:00 PM,Wayne County: Detroit,Not intersection crash,Not hit-and-run,Daylight,"County road, city street, or unknown",Local road or unknown,35,Uncoded & errors,Suspected serious injury (A),None,Not physically divided (two-way trafficway),Single motor vehicle
2005,December,16,2:00 PM - 3:00 PM,Wayne County: Garden City,Intersection crash,Not hit-and-run,Daylight,"County road, city street, or unknown",Local road or unknown,25,Uncoded & errors,Suspected minor injury (B),None,Not physically divided (two-way trafficway),Other / unknown
2005,August,10,9:00 AM - 10:00 AM,Wayne County: Taylor,Intersection crash,Not hit-and-run,Daylight,"County road, city street, or unknown",Local road or unknown,45,Uncoded & errors,Possible injury (C),None,Not physically divided (two-way trafficway),Single motor vehicle
2005,October,1,4:00 PM - 5:00 PM,Wayne County: Detroit,Intersection crash,Not hit-and-run,Daylight,"County road, city street, or unknown",Local road or unknown,30,Uncoded & errors,Suspected minor injury (B),None,Uncoded & errors,Sideswipe same direction